platform,product_id,text_content,engagement,url,clean_text,General,Battery,Display,Cost-Value,Processing,Camera,Software
Reddit,iphone 15,"Is Iphone 15 still worth buying? - Hello, I’m preparing to switch my phone from Iphone 11 to Iphone 15. Is this really worth it? Are there any issues with Iphone 15 that I should know about before purchasing one?",40,https://reddit.com/r/iphone15/comments/1pmlhmh/is_iphone_15_still_worth_buying/,"Is Iphone 15 still worth buying? - Hello, I’m preparing to switch my phone from Iphone 11 to Iphone 15. Is this really worth it? Are there any issues with Iphone 15 that I should know about before purchasing one?",0.0,0.0,0.0,0.0,0.0,0.0,0.0
Reddit,iphone 15,"I REGRET getting the iphone 15 - basically i switched from a 13 pro to a base 15. biggest fucking mistake of my life. 60hz so laggy my brand new phone feels broken. it feels cheap, non durable. i'm just two models behind the newest one and the performance is so disappointing. what can i do now? should i ask for a refund and stick to my old iphone 13 pro? should i exchange the 15 base for a 14 pro? ",0,https://reddit.com/r/iphone/comments/1q94ixg/i_regret_getting_the_iphone_15/,"I REGRET getting the iphone 15 - basically i switched from a 13 pro to a base 15. biggest fucking mistake of my life. 60hz so laggy my brand new phone feels broken. it feels cheap, non durable. i'm just two models behind the newest one and the performance is so disappointing. what can i do now? should i ask for a refund and stick to my old iphone 13 pro? should i exchange the 15 base for a 14 pro?",-3.0,0.0,-3.0,-1.0,-4.0,0.0,-4.0
Reddit,iphone 15,Got an Iphone 15 - Upgraded from iphone se 2022 to iphone 15. I am loving my new phone,213,https://reddit.com/r/iphone15/comments/1p9soe9/got_an_iphone_15/,Got an Iphone 15 - Upgraded from iphone se 2022 to iphone 15. I am loving my new phone,0.0,0.0,0.0,0.0,0.0,0.0,0.0
Reddit,iphone 15,Is buying iphone 15 still a good choice in 2026 or there anyother better options - I ,1,https://reddit.com/r/Smartphones/comments/1q7mmt4/is_buying_iphone_15_still_a_good_choice_in_2026/,Is buying iphone 15 still a good choice in 2026 or there anyother better options - I,2.0,0.0,0.0,0.0,0.0,0.0,0.0
Reddit,iphone 15,Iphone 15 sucks - 1% drops every one week,8,https://reddit.com/r/iPhoneBatteryParanoia/comments/1sldcwv/iphone_15_sucks/,Iphone 15 sucks - 1% drops every one week,0.0,0.0,0.0,0.0,0.0,0.0,0.0
Reddit,iphone 15,"Is iphone 15 still a best phone in 2026 and for a longterm use - I'm thinking of buying an iphone 15 in few days i wanna know from the users of 15
Is it still good today 
And i can use it for atleast 5 or 6 years...?
Pros and cons",27,https://reddit.com/r/iphone15/comments/1qants0/is_iphone_15_still_a_best_phone_in_2026_and_for_a/,Is iphone 15 still a best phone in 2026 and for a longterm use - I'm thinking of buying an iphone 15 in few days i wanna know from the users of 15 Is it still good today And i can use it for atleast 5 or 6 years...? Pros and cons,4.0,0.0,0.0,0.0,0.0,0.0,0.0
Reddit,iphone 15,"How to convince myself to use my iPhone 15 for the next 3 years? - Ive got an Iphone 15 a month ago because my moto g55 was dying. In the past I used to get cheap android every 1-2 years, pay it off and get another one, but ive got tired of changes and wanted something with quality thats gonna last at least 3 years. 

Some people in my environment already had iPhones, they let me play around with some functions and it seemed to me that the iOS system was something new, fresh and practical.

And after a month ive come to a conclusion that IOS just pisses me off, sure it looks nice and smooth but is just so god damn impractical. It overheats like crazy, face id gets annoying, cant play certain games while listening to music, files menagement is messed up, keyboard is shit and I cant get a good yt revanced equivalent. I like how small the phone is and that there are no weird ai filters in my camera that make faces look weird unlike in new androids, but thats about it.

 

I really need something convincing to keep me using this phone since ill have to pay for it for next 2 years ",42,https://reddit.com/r/Smartphones/comments/1speuah/how_to_convince_myself_to_use_my_iphone_15_for/,"How to convince myself to use my iPhone 15 for the next 3 years? - Ive got an Iphone 15 a month ago because my moto g55 was dying. In the past I used to get cheap android every 1-2 years, pay it off and get another one, but ive got tired of changes and wanted something with quality thats gonna last at least 3 years. Some people in my environment already had iPhones, they let me play around with some functions and it seemed to me that the iOS system was something new, fresh and practical. And after a month ive come to a conclusion that IOS just pisses me off, sure it looks nice and smooth but is just so god damn impractical. It overheats like crazy, face id gets annoying, cant play certain games while listening to music, files menagement is messed up, keyboard is shit and I cant get a good yt revanced equivalent. I like how small the phone is and that there are no weird ai filters in my camera that make faces look weird unlike in new androids, but thats about it. I really need something convincing to keep me using this phone since ill have to pay for it for next 2 years",0.0,0.0,0.0,-1.0,-2.0,-1.0,0.0
Reddit,iphone 15,"iPhone 15 still worth it? - planning to buy this po, is it really safe to buy in this apple flagship store? and 128gb nalang po kasi yung available so may recommended ways po ba kayo on how to access a bigger storage space? kaya po ba gumamit dito ng hard drives, usb? ",139,https://reddit.com/r/Tech_Philippines/comments/1pbx7wa/iphone_15_still_worth_it/,"iPhone 15 still worth it? - planning to buy this po, is it really safe to buy in this apple flagship store? and 128gb nalang po kasi yung available so may recommended ways po ba kayo on how to access a bigger storage space? kaya po ba gumamit dito ng hard drives, usb?",0.0,0.0,0.0,0.0,0.0,0.0,0.0
Reddit,iphone 15,"Iphone 15 - Planning to buy Iphone 15 128gb and P32,651 siya right now. Is it a steal or should I just wait for Monday? baka mag-sale since naka-subscribe ako sa VIP or mag-wait na lang sa 5.5? 😭",7,https://reddit.com/r/ShopeePH/comments/1snb2q1/iphone_15/,"Iphone 15 - Planning to buy Iphone 15 128gb and P32,651 siya right now. Is it a steal or should I just wait for Monday? baka mag-sale since naka-subscribe ako sa VIP or mag-wait na lang sa 5.5? 😭",0.0,0.0,0.0,0.0,0.0,0.0,0.0
Reddit,iphone 15,"Thoughts on iphone 15 / 16 in 2026 - Planning on retiring my S22 Ultra na as a back up phone dahil nagkaroon na ng mga green line na and its been 4 years naman na. Pinagpipilian ko rn is 15, 15 pro, 16 and 16 plus

kamusta po battery life pag naka on ang mobile data all day? Any issues with heat, build quality etc. Masyado pa mahal 17 eh",1,https://reddit.com/r/Tech_Philippines/comments/1r62j7x/thoughts_on_iphone_15_16_in_2026/,"Thoughts on iphone 15 / 16 in 2026 - Planning on retiring my S22 Ultra na as a back up phone dahil nagkaroon na ng mga green line na and its been 4 years naman na. Pinagpipilian ko rn is 15, 15 pro, 16 and 16 plus kamusta po battery life pag naka on ang mobile data all day? Any issues with heat, build quality etc. Masyado pa mahal 17 eh",0.0,0.0,0.0,0.0,0.0,0.0,0.0
Reddit,iphone 15,Verizon sales rep told me to show up hours early if I wanted to get the new iPhone on Day 1. This is 15 minutes before they opened.  - ,90581,https://reddit.com/r/funny/comments/1fm1qh7/verizon_sales_rep_told_me_to_show_up_hours_early/,Verizon sales rep told me to show up hours early if I wanted to get the new iPhone on Day 1. This is 15 minutes before they opened. -,0.0,0.0,0.0,0.0,0.0,0.0,0.0
Reddit,iphone 15,"iPhone 15 pro max recycled and now in China with personal data? - Hello, I had a IPhone 15 pro max that got ran over by a truck, went ahead and got a 16 and cleared that phone remotely, or so I thought. I recycled the phone at ecoATM. A few months later I see these text messages and see the phone is in China. What should I do? Is this legit? What are the next steps in protecting my privacy and information? Thanks.",9366,https://reddit.com/r/iphone/comments/1hnqswj/iphone_15_pro_max_recycled_and_now_in_china_with/,"iPhone 15 pro max recycled and now in China with personal data? - Hello, I had a IPhone 15 pro max that got ran over by a truck, went ahead and got a 16 and cleared that phone remotely, or so I thought. I recycled the phone at ecoATM. A few months later I see these text messages and see the phone is in China. What should I do? Is this legit? What are the next steps in protecting my privacy and information? Thanks.",0.0,0.0,0.0,0.0,0.0,0.0,0.0
Reddit,iphone 15,Apple users bash new iPhone 15: ‘Innovation died with Steve Jobs’ - ,18743,https://reddit.com/r/gadgets/comments/16i2vz9/apple_users_bash_new_iphone_15_innovation_died/,Apple users bash new iPhone 15: ‘Innovation died with Steve Jobs’ -,0.0,0.0,0.0,0.0,0.0,0.0,0.0
Reddit,iphone 15,I want iPhone 15 - ,21105,https://reddit.com/r/SipsTea/comments/17n6ivm/i_want_iphone_15/,I want iPhone 15 -,0.0,0.0,0.0,0.0,0.0,0.0,0.0
Reddit,iphone 15,Difference between an iPhone 3GS and IPhone 15 Pro Max - ,19208,https://reddit.com/r/mildlyinteresting/comments/187w0mu/difference_between_an_iphone_3gs_and_iphone_15/,Difference between an iPhone 3GS and IPhone 15 Pro Max -,0.0,0.0,0.0,0.0,0.0,0.0,0.0
Reddit,iphone 15,28 Years Later: Danny Boyle’s New Zombie Flick Was Shot on an iPhone 15 - ,8355,https://reddit.com/r/movies/comments/1fkvxxd/28_years_later_danny_boyles_new_zombie_flick_was/,28 Years Later: Danny Boyle’s New Zombie Flick Was Shot on an iPhone 15 -,0.0,0.0,0.0,0.0,0.0,0.0,0.0
Reddit,iphone 15,Apple users bash new iPhone 15: ‘Innovation died with Steve Jobs’ - ,9947,https://reddit.com/r/technology/comments/16i2ng4/apple_users_bash_new_iphone_15_innovation_died/,Apple users bash new iPhone 15: ‘Innovation died with Steve Jobs’ -,0.0,0.0,0.0,0.0,0.0,0.0,0.0
Reddit,iphone 15,"Are you moving from iPhone 15 Pro to 16 Pro or are you skipping ?  - Might be a dumb post, but I was wondering what are other people, who are buying new iPhones regularly, going to do this year, since the changes are not really that big this year. (At least for me, 15PM user)

Would be nice to be able to create a poll 😪",3263,https://reddit.com/r/iphone/comments/1fdqte7/are_you_moving_from_iphone_15_pro_to_16_pro_or/,"Are you moving from iPhone 15 Pro to 16 Pro or are you skipping ? - Might be a dumb post, but I was wondering what are other people, who are buying new iPhones regularly, going to do this year, since the changes are not really that big this year. (At least for me, 15PM user) Would be nice to be able to create a poll 😪",0.0,0.0,0.0,0.0,0.0,0.0,0.0
Reddit,iphone 15,[OC] The iPhone 15 Index: How much of a yearly salary you need to spend to afford an iPhone 15 around the world - ,10605,https://reddit.com/r/dataisbeautiful/comments/16igsi8/oc_the_iphone_15_index_how_much_of_a_yearly/,[OC] The iPhone 15 Index: How much of a yearly salary you need to spend to afford an iPhone 15 around the world -,0.0,0.0,0.0,0.0,0.0,0.0,0.0
Reddit,iphone 15,"Jodie Comer on the set of Danny Boyle's 28 Years Later, 2024. The film, currently in post-production, was budgeted at 75m and shot on a bunch of adapted iPhone 15s. The iPhone 15 Pro Max camera rig setup on the far right. Link to more info in comments. - ",9037,https://reddit.com/r/Moviesinthemaking/comments/1fkyj31/jodie_comer_on_the_set_of_danny_boyles_28_years/,"Jodie Comer on the set of Danny Boyle's 28 Years Later, 2024. The film, currently in post-production, was budgeted at 75m and shot on a bunch of adapted iPhone 15s. The iPhone 15 Pro Max camera rig setup on the far right. Link to more info in comments. -",0.0,0.0,0.0,0.0,0.0,0.0,0.0
Reddit,iphone 15,Benchmark scores for iPhone 16 and 15 - ,4318,https://reddit.com/r/iphone/comments/1fjtf98/benchmark_scores_for_iphone_16_and_15/,Benchmark scores for iPhone 16 and 15 -,0.0,0.0,0.0,0.0,0.0,0.0,0.0
Reddit,iphone 15,The variety of screws inside iPhone 15 Pro - @MacroLab3D,1930,https://reddit.com/r/applesucks/comments/1s6mch7/the_variety_of_screws_inside_iphone_15_pro/,The variety of screws inside iPhone 15 Pro - @MacroLab3D,0.0,0.0,0.0,0.0,0.0,0.0,0.0
Reddit,iphone 15,"Temperature of my iPhone 15 Pro Max while on the phone for 5 mins. - So I have noticed with my phone that it gets particularly hot only when I am on a phone call. I’ve heard reports of people having abnormally hot iPhone, 15 pros but no one documenting the temperature so I’ll just leave this here. 

It gets so hot that I’m afraid to touch it and it hurts my leg in my pocket. I’ve heard very supports of it being hot while charging or on social media but that’s not the case of me, my phone is actually cool to the touch when browsing and only slightly warm all charging. After five minutes of being on the phone my phone is piping hot so I took it to Work and I decided to catch just how hot it was on camera. Here is the back of my phone which is pretty difficult to get a reading on because it’s so light and reflective, but it reaches 108°F.

I’ve done a full re-reset and restore even tried making a phone call before I restore from my back up and it’s the same thing every time. I’m taking it into the genius bar tomorrow and see what they say but I don’t hold much hope.",7856,https://reddit.com/r/iphone/comments/16sr90l/temperature_of_my_iphone_15_pro_max_while_on_the/,"Temperature of my iPhone 15 Pro Max while on the phone for 5 mins. - So I have noticed with my phone that it gets particularly hot only when I am on a phone call. I’ve heard reports of people having abnormally hot iPhone, 15 pros but no one documenting the temperature so I’ll just leave this here. It gets so hot that I’m afraid to touch it and it hurts my leg in my pocket. I’ve heard very supports of it being hot while charging or on social media but that’s not the case of me, my phone is actually cool to the touch when browsing and only slightly warm all charging. After five minutes of being on the phone my phone is piping hot so I took it to Work and I decided to catch just how hot it was on camera. Here is the back of my phone which is pretty difficult to get a reading on because it’s so light and reflective, but it reaches 108°F. I’ve done a full re-reset and restore even tried making a phone call before I restore from my back up and it’s the same thing every time. I’m taking it into the genius bar tomorrow and see what they say but I don’t hold much hope.",-5.0,-1.0,-2.0,0.0,0.0,-2.0,0.0
Reddit,iphone 15,"Why did my iPhone 5s take a better photo than my iPhone 15 Pro? - The first photo is the one taken by my iPhone 15s back in 2015, the second photo is the same photo taken by my iPhone 15 Pro this year. 

The color of the 5s photo is more like the actual photo. But the color of the 15 Pro photo sorta has a yellow undertone. 

If you zoom in, you can see the pupil of the eye of the toddler (me) in the 5s photo, but not in the 15 Pro photo. The head of the toddler in general in the 5s photo looks better. 

Just curious as to why that is??",3540,https://reddit.com/r/iphone/comments/1h9mxqs/why_did_my_iphone_5s_take_a_better_photo_than_my/,"Why did my iPhone 5s take a better photo than my iPhone 15 Pro? - The first photo is the one taken by my iPhone 15s back in 2015, the second photo is the same photo taken by my iPhone 15 Pro this year. The color of the 5s photo is more like the actual photo. But the color of the 15 Pro photo sorta has a yellow undertone. If you zoom in, you can see the pupil of the eye of the toddler (me) in the 5s photo, but not in the 15 Pro photo. The head of the toddler in general in the 5s photo looks better. Just curious as to why that is??",1.0,0.0,0.0,0.0,0.0,2.0,0.0
Reddit,iphone 15,"Wrapped both my M4 Air and iPhone 15 Pro - hit or miss? - I think the lad did a fairly decent wrap job, I'd just sold my legion 5 pro and managed to get this 16/512 in black from Best Buy and couldn't be happier, but tell me, is the wrap any nice, I feel like it really shows off my abstract side.",1926,https://reddit.com/r/macbook/comments/1ntugo4/wrapped_both_my_m4_air_and_iphone_15_pro_hit_or/,"Wrapped both my M4 Air and iPhone 15 Pro - hit or miss? - I think the lad did a fairly decent wrap job, I'd just sold my legion 5 pro and managed to get this 16/512 in black from Best Buy and couldn't be happier, but tell me, is the wrap any nice, I feel like it really shows off my abstract side.",5.0,0.0,0.0,0.0,5.0,0.0,5.0
Reddit,iphone 15,"“Apple Intelligence will only be available to people with the latest iPhone 15 Pro and Pro Max. Even the iPhone 15 – Apple’s newest device, released in September and still on sale, will not get those features” - ",3736,https://reddit.com/r/apple/comments/1dde2hl/apple_intelligence_will_only_be_available_to/,"“Apple Intelligence will only be available to people with the latest iPhone 15 Pro and Pro Max. Even the iPhone 15 – Apple’s newest device, released in September and still on sale, will not get those features” -",0.0,0.0,0.0,0.0,0.0,0.0,0.0
Reddit,iphone 15,Please don’t be this guy when you’re in GA. I legit watched all of Reptile via his iPhone 15. - ,1242,https://reddit.com/r/nin/comments/1rfbfdk/please_dont_be_this_guy_when_youre_in_ga_i_legit/,Please don’t be this guy when you’re in GA. I legit watched all of Reptile via his iPhone 15. -,0.0,0.0,0.0,0.0,0.0,0.0,0.0
Reddit,iphone 15,"iPhone 15 overheating reports, with temperatures as high as 116F - ",5715,https://reddit.com/r/apple/comments/16slezg/iphone_15_overheating_reports_with_temperatures/,"iPhone 15 overheating reports, with temperatures as high as 116F -",-2.0,0.0,0.0,0.0,0.0,0.0,0.0
Reddit,iphone 15,ifixit gives iPhone 16 a 7/10 repair score . It gave iPhone 15 a 4/10  - ,4200,https://reddit.com/r/apple/comments/1fmvb9o/ifixit_gives_iphone_16_a_710_repair_score_it_gave/,ifixit gives iPhone 16 a 7/10 repair score . It gave iPhone 15 a 4/10 -,0.0,0.0,0.0,0.0,0.0,0.0,0.0
Reddit,iphone 15,iPhone 15 Models Have 'Completely Standard' USB-C Port Without Restrictions on Accessories - ,5653,https://reddit.com/r/gadgets/comments/16jg6dw/iphone_15_models_have_completely_standard_usbc/,iPhone 15 Models Have 'Completely Standard' USB-C Port Without Restrictions on Accessories -,0.0,0.0,0.0,0.0,0.0,0.0,0.0
Reddit,iphone 15,iPhone 15 screen burn in after 3 weeks - ,12982,https://reddit.com/r/iphone/comments/18a895r/iphone_15_screen_burn_in_after_3_weeks/,iPhone 15 screen burn in after 3 weeks -,0.0,0.0,0.0,0.0,0.0,0.0,0.0
Reddit,iphone 15,Was it ever explained how Nacho had an iPhone 15 in 2004? - ,5383,https://reddit.com/r/okbuddychicanery/comments/1ose3xn/was_it_ever_explained_how_nacho_had_an_iphone_15/,Was it ever explained how Nacho had an iPhone 15 in 2004? -,0.0,0.0,0.0,0.0,0.0,0.0,0.0
Reddit,iphone 15,Woke up to a smell of burning plastic this morning. Turns out my iPhone 15 Pro melted overnight… - Went to the Apple Store as soon as they opened at 10AM. They replaced it on the spot and said they’ve never seen it before. Has this happened to anybody else?,5835,https://reddit.com/r/iphone/comments/17mjtzy/woke_up_to_a_smell_of_burning_plastic_this/,Woke up to a smell of burning plastic this morning. Turns out my iPhone 15 Pro melted overnight… - Went to the Apple Store as soon as they opened at 10AM. They replaced it on the spot and said they’ve never seen it before. Has this happened to anybody else?,0.0,0.0,0.0,0.0,0.0,0.0,0.0
Reddit,iphone 15,"After making me wait two weeks, here's the replacement cable apple sent me. (I have an iPhone 15)  - They already have all my data, could they at least not check what phone I've bought. ",7280,https://reddit.com/r/mildlyinfuriating/comments/1ay2prl/after_making_me_wait_two_weeks_heres_the/,"After making me wait two weeks, here's the replacement cable apple sent me. (I have an iPhone 15) - They already have all my data, could they at least not check what phone I've bought.",0.0,0.0,0.0,0.0,0.0,0.0,0.0
Reddit,iphone 15,"Apple's new iPhone 15 is an underwhelming 'slap in the face,' say disappointed fans - ",3862,https://reddit.com/r/technology/comments/16jfwpn/apples_new_iphone_15_is_an_underwhelming_slap_in/,"Apple's new iPhone 15 is an underwhelming 'slap in the face,' say disappointed fans -",0.0,0.0,0.0,0.0,0.0,0.0,0.0
Reddit,iphone 15,"I dumped my iphone 15 - I had an iPhone 15 for past few months and I was not satisfied with it. Performance was good but as I was a harsh user, it was getting heated up easily. Also it was too small to play games on and had only a screen refresh rate of 60hz which is good but with time, it irritated me. So i replaced my iphone 15 with IQOO 13. ",2546,https://reddit.com/r/GadgetsIndia/comments/1j3eq33/i_dumped_my_iphone_15/,"I dumped my iphone 15 - I had an iPhone 15 for past few months and I was not satisfied with it. Performance was good but as I was a harsh user, it was getting heated up easily. Also it was too small to play games on and had only a screen refresh rate of 60hz which is good but with time, it irritated me. So i replaced my iphone 15 with IQOO 13.",0.0,0.0,1.0,0.0,0.0,0.0,1.0
Reddit,iphone 15,received iPhone 15 with wrong coloured sim tray - ,8403,https://reddit.com/r/mildlyinteresting/comments/17hlc8g/received_iphone_15_with_wrong_coloured_sim_tray/,received iPhone 15 with wrong coloured sim tray -,0.0,0.0,0.0,0.0,0.0,0.0,0.0
Reddit,iphone 15,iPhone 15 Pro may replace clicky volume and power buttons with solid-state buttons - ,6031,https://reddit.com/r/gadgets/comments/yfqfig/iphone_15_pro_may_replace_clicky_volume_and_power/,iPhone 15 Pro may replace clicky volume and power buttons with solid-state buttons -,0.0,0.0,0.0,0.0,0.0,0.0,0.0
Reddit,iphone 15,"Apple's share price dips again amid growing reports iPhone 15 Pro's are overheating so much, users can't actually hold them - ",5454,https://reddit.com/r/wallstreetbets/comments/16tyduv/apples_share_price_dips_again_amid_growing/,"Apple's share price dips again amid growing reports iPhone 15 Pro's are overheating so much, users can't actually hold them -",-2.0,0.0,0.0,-2.0,0.0,0.0,-2.0
Reddit,iphone 15,"Amazon: Ordered an iPhone 15, got a pack of Coffee. - Had the weirdest experience earlier today. I ordered an IPhone 15 Pro from Amazon last week. After some unexplained delays, the phone was scheduled to be delivered today.

Not to miss the delivery, I decided to work from home today and took my meetings from my Balkony overlook the street. 
Imagine my surprise when the delivery guy drove into my street, and did not stop by my door. I had to run downstairs and speak to him as he was leaving the street. 
He asked for my name and PIN for the delivery and then handed me a package. 

Went back upstairs, then found what is in the picture attached as my “phone” 😂.

Amazon already had a warning that stolen phones can be blocked via the IMEI number, so ultimately this could be a useless gadget at the hand for the thief. 

Already communicated with support and was told my money will be refunded in some days. 

Has anyone ever experienced this ? ",3986,https://reddit.com/r/germany/comments/1f78cqa/amazon_ordered_an_iphone_15_got_a_pack_of_coffee/,"Amazon: Ordered an iPhone 15, got a pack of Coffee. - Had the weirdest experience earlier today. I ordered an IPhone 15 Pro from Amazon last week. After some unexplained delays, the phone was scheduled to be delivered today. Not to miss the delivery, I decided to work from home today and took my meetings from my Balkony overlook the street. Imagine my surprise when the delivery guy drove into my street, and did not stop by my door. I had to run downstairs and speak to him as he was leaving the street. He asked for my name and PIN for the delivery and then handed me a package. Went back upstairs, then found what is in the picture attached as my “phone” 😂. Amazon already had a warning that stolen phones can be blocked via the IMEI number, so ultimately this could be a useless gadget at the hand for the thief. Already communicated with support and was told my money will be refunded in some days. Has anyone ever experienced this ?",-1.0,0.0,0.0,0.0,0.0,0.0,0.0
Reddit,iphone 15,Apple officially announces iPhone 15 event: 'Wonderlust.' - ,3857,https://reddit.com/r/apple/comments/164mgl8/apple_officially_announces_iphone_15_event/,Apple officially announces iPhone 15 event: 'Wonderlust.' -,0.0,0.0,0.0,0.0,0.0,0.0,0.0
Reddit,iphone 15,"Just got a new IPhone 15 pro - But after sometime, it just does this and don’t come back. 
What should i do ? 

Go it on back market ",1567,https://reddit.com/r/ios/comments/1nv13b6/just_got_a_new_iphone_15_pro/,"Just got a new IPhone 15 pro - But after sometime, it just does this and don’t come back. What should i do ? Go it on back market",0.0,0.0,0.0,0.0,0.0,0.0,0.0
Reddit,iphone 15,"iPhone 15 Alarms Failing To Go Off - Is This Happening To Anyone Else? - Has anyone else had issues with their alarms failing to go off in the morning like this? I usually set several sequential alarms, as you can see in this picture. Only my alarm for 6:45 AM actually sounded, &amp; I woke up to find that my earlier alarms had all remained “set” but failed to sound. None of these are recurring alarms, so they shouldn’t “reset” themselves after going off. I also did not snooze any of the first alarms. Is this happening to anyone else? It’s incredibly inconvenient, as the time I actually want to wake up is 6:38 AM.",3145,https://reddit.com/r/iphone/comments/18lwiz0/iphone_15_alarms_failing_to_go_off_is_this/,"iPhone 15 Alarms Failing To Go Off - Is This Happening To Anyone Else? - Has anyone else had issues with their alarms failing to go off in the morning like this? I usually set several sequential alarms, as you can see in this picture. Only my alarm for 6:45 AM actually sounded, &amp; I woke up to find that my earlier alarms had all remained “set” but failed to sound. None of these are recurring alarms, so they shouldn’t “reset” themselves after going off. I also did not snooze any of the first alarms. Is this happening to anyone else? It’s incredibly inconvenient, as the time I actually want to wake up is 6:38 AM.",0.0,0.0,0.0,0.0,0.0,0.0,0.0
Reddit,iphone 15,Apple Design Team Making The New iPhone 15 Pro Max - ,3934,https://reddit.com/r/videos/comments/16ibzmi/apple_design_team_making_the_new_iphone_15_pro_max/,Apple Design Team Making The New iPhone 15 Pro Max -,0.0,0.0,0.0,0.0,0.0,0.0,0.0
Reddit,iphone 15,Apple announces iPhone 15 Pro and iPhone 15 Pro Max with titanium case and USB-C - 9to5Mac - ,2918,https://reddit.com/r/apple/comments/16gy7ii/apple_announces_iphone_15_pro_and_iphone_15_pro/,Apple announces iPhone 15 Pro and iPhone 15 Pro Max with titanium case and USB-C - 9to5Mac -,0.0,0.0,0.0,0.0,0.0,0.0,0.0
Reddit,iphone 15,"iPhone 15 stolen, this is spam, right? - Phone pick pocketed Sat night (at bar in LA). Got this text to my computer via iCloud on Monday. 

I have tried to erase remotely but can’t since they won’t connect to WiFi on my phone long enough. They briefly connected when sending this message. (Tracked location to Northridge in LA, btw, at random strip mall. Hasn’t updated since.) 

Was freaking out but then I saw on another post in this sub that this type of message is phishing to get me to erase from my iCloud so they can resell the phone which is more $ than selling it for parts. 

Do I need to be truly concerned about any part of this? Changed all my passwords but there is still stuff on my phone unless it’s able to erase. And how did they get my number??? SIM card?? 

Any tips?? ",3205,https://reddit.com/r/iphone/comments/1fox9rc/iphone_15_stolen_this_is_spam_right/,"iPhone 15 stolen, this is spam, right? - Phone pick pocketed Sat night (at bar in LA). Got this text to my computer via iCloud on Monday. I have tried to erase remotely but can’t since they won’t connect to WiFi on my phone long enough. They briefly connected when sending this message. (Tracked location to Northridge in LA, btw, at random strip mall. Hasn’t updated since.) Was freaking out but then I saw on another post in this sub that this type of message is phishing to get me to erase from my iCloud so they can resell the phone which is more $ than selling it for parts. Do I need to be truly concerned about any part of this? Changed all my passwords but there is still stuff on my phone unless it’s able to erase. And how did they get my number??? SIM card?? Any tips??",0.0,0.0,0.0,0.0,0.0,0.0,0.0
Reddit,iphone 15,"With Apple’s iPhone 15, the EU wins the charger war - ",4930,https://reddit.com/r/worldnews/comments/16h6tgq/with_apples_iphone_15_the_eu_wins_the_charger_war/,"With Apple’s iPhone 15, the EU wins the charger war -",0.0,0.0,0.0,0.0,0.0,0.0,0.0
Reddit,iphone 15,Apple Admits There Is a Smartphone Slowdown Ahead of iPhone 15 Debut - ,3371,https://reddit.com/r/apple/comments/15jou8x/apple_admits_there_is_a_smartphone_slowdown_ahead/,Apple Admits There Is a Smartphone Slowdown Ahead of iPhone 15 Debut -,0.0,0.0,0.0,0.0,0.0,0.0,0.0
Reddit,iphone 15,"Apple announces iPhone 15: USB-C port, Dynamic Island, new colors - ",2940,https://reddit.com/r/apple/comments/16gxon5/apple_announces_iphone_15_usbc_port_dynamic/,"Apple announces iPhone 15: USB-C port, Dynamic Island, new colors -",0.0,0.0,0.0,0.0,0.0,0.0,0.0
Reddit,iphone 15,28 Years Later: Danny Boyle’s New Zombie Flick Was Shot on an iPhone 15 - ,3428,https://reddit.com/r/horror/comments/1fkvmc5/28_years_later_danny_boyles_new_zombie_flick_was/,28 Years Later: Danny Boyle’s New Zombie Flick Was Shot on an iPhone 15 -,0.0,0.0,0.0,0.0,0.0,0.0,0.0
Hacker News,iphone 15,"Log is the ""Pro"" in iPhone 15 Pro",1163,https://news.ycombinator.com/item?id=37840503,"Log is the ""Pro"" in iPhone 15 Pro",0.0,0.0,0.0,0.0,0.0,0.0,0.0
Hacker News,iphone 15,iPhone 15 and iPhone 15 Plus,749,https://news.ycombinator.com/item?id=37485290,iPhone 15 and iPhone 15 Plus,0.0,0.0,0.0,0.0,0.0,0.0,0.0
Hacker News,iphone 15,Apple orders entire supply of TSMC's 3nm chips for iPhone 15 Pro and M3 Macs,422,https://news.ycombinator.com/item?id=34894690,Apple orders entire supply of TSMC's 3nm chips for iPhone 15 Pro and M3 Macs,0.0,0.0,0.0,0.0,0.0,0.0,0.0
Hacker News,iphone 15,The iPhone 15 Pro’s Depth Maps,358,https://news.ycombinator.com/item?id=44183591,The iPhone 15 Pro’s Depth Maps,0.0,0.0,0.0,0.0,0.0,0.0,0.0
Hacker News,iphone 15,Apple iPhone 15 Pro and iPhone 15 Pro Max,251,https://news.ycombinator.com/item?id=37485271,Apple iPhone 15 Pro and iPhone 15 Pro Max,0.0,0.0,0.0,0.0,0.0,0.0,0.0
Hacker News,iphone 15,iPhone 15 Pro Storage Expansion – 128GB to 512GB [video],164,https://news.ycombinator.com/item?id=40176637,iPhone 15 Pro Storage Expansion – 128GB to 512GB [video],0.0,0.0,0.0,0.0,0.0,0.0,0.0
Hacker News,iphone 15,Apple rumored to subvert EU Rules by nerfing USB-C on iPhone15,156,https://news.ycombinator.com/item?id=34985084,Apple rumored to subvert EU Rules by nerfing USB-C on iPhone15,0.0,0.0,0.0,0.0,0.0,0.0,0.0
Hacker News,iphone 15,Apple introduces spatial video capture on iPhone 15 Pro,151,https://news.ycombinator.com/item?id=38605765,Apple introduces spatial video capture on iPhone 15 Pro,0.0,0.0,0.0,0.0,0.0,0.0,0.0
Hacker News,iphone 15,iPhone 15: users of Pro and Pro Max models complain of overheating issues,138,https://news.ycombinator.com/item?id=37702846,iPhone 15: users of Pro and Pro Max models complain of overheating issues,-2.0,0.0,0.0,0.0,0.0,0.0,0.0
Hacker News,iphone 15,Apple Reportedly Planning to Limit iPhone 15 USB-C Port in Same Way as Lightning,127,https://news.ycombinator.com/item?id=34811626,Apple Reportedly Planning to Limit iPhone 15 USB-C Port in Same Way as Lightning,0.0,0.0,0.0,0.0,0.0,0.0,0.0
Hacker News,iphone 15,iPhone 15 teardown reveals software lockdown,127,https://news.ycombinator.com/item?id=37654413,iPhone 15 teardown reveals software lockdown,0.0,0.0,0.0,0.0,0.0,0.0,0.0
Hacker News,iphone 15,"The iOS option to charge battery to ""80% Limit"" shouldn't just be for iPhone 15",113,https://news.ycombinator.com/item?id=37936788,"The iOS option to charge battery to ""80% Limit"" shouldn't just be for iPhone 15",0.0,0.0,0.0,0.0,0.0,0.0,0.0
Hacker News,iphone 15,iPhone 15 Pro facts and estimates,108,https://news.ycombinator.com/item?id=37552605,iPhone 15 Pro facts and estimates,0.0,0.0,0.0,0.0,0.0,0.0,0.0
Hacker News,iphone 15,iPhone 15 USB-C port is 100% standard; MFi certification rumors wrong,86,https://news.ycombinator.com/item?id=37523409,iPhone 15 USB-C port is 100% standard; MFi certification rumors wrong,0.0,0.0,0.0,0.0,0.0,0.0,0.0
Hacker News,iphone 15,Llama3 running locally on iPhone 15 Pro,77,https://news.ycombinator.com/item?id=40130665,Llama3 running locally on iPhone 15 Pro,0.0,0.0,0.0,0.0,0.0,0.0,0.0
Hacker News,iphone 15,USB-C Confirmed for the iPhone 15,65,https://news.ycombinator.com/item?id=37057382,USB-C Confirmed for the iPhone 15,0.0,0.0,0.0,0.0,0.0,0.0,0.0
Hacker News,iphone 15,Apple to Limit iPhone 15 USB-C Cables to USB 2.0 Speeds: Report,62,https://news.ycombinator.com/item?id=37281928,Apple to Limit iPhone 15 USB-C Cables to USB 2.0 Speeds: Report,0.0,0.0,0.0,0.0,0.0,0.0,0.0
Hacker News,iphone 15,iPhone 15 Pro Max vs. DSLR photos: Real world camera comparison,62,https://news.ycombinator.com/item?id=37624803,iPhone 15 Pro Max vs. DSLR photos: Real world camera comparison,0.0,0.0,0.0,0.0,0.0,0.0,0.0
Hacker News,iphone 15,Some iPhone 15 Pro Max users are reporting OLED screen 'burn in',60,https://news.ycombinator.com/item?id=37896472,Some iPhone 15 Pro Max users are reporting OLED screen 'burn in',0.0,0.0,0.0,0.0,0.0,0.0,0.0
Hacker News,iphone 15,iPhone 15’s shift to USB-C,55,https://news.ycombinator.com/item?id=37480508,iPhone 15’s shift to USB-C,0.0,0.0,0.0,0.0,0.0,0.0,0.0
Hacker News,iphone 15,Users report iPhone 15 is overheating,55,https://news.ycombinator.com/item?id=37697382,Users report iPhone 15 is overheating,-2.0,0.0,0.0,0.0,0.0,0.0,0.0
Hacker News,iphone 15,Why Apple put a Thread radio in the iPhone 15 Pro,47,https://news.ycombinator.com/item?id=37511537,Why Apple put a Thread radio in the iPhone 15 Pro,0.0,0.0,0.0,0.0,0.0,0.0,0.0
Hacker News,iphone 15,We Fixed the iPhone 15,44,https://news.ycombinator.com/item?id=37626106,We Fixed the iPhone 15,0.0,0.0,0.0,0.0,0.0,0.0,0.0
Hacker News,iphone 15,Inflation-adjusted iPhone 15 most affordable base model since 2007 original,40,https://news.ycombinator.com/item?id=37521340,Inflation-adjusted iPhone 15 most affordable base model since 2007 original,0.0,0.0,0.0,0.0,0.0,0.0,0.0
Hacker News,iphone 15,Getting JTAG on the iPhone 15,40,https://news.ycombinator.com/item?id=37748305,Getting JTAG on the iPhone 15,0.0,0.0,0.0,0.0,0.0,0.0,0.0
Hacker News,iphone 15,Photographer showcases the power of iPhone 15 pro max,39,https://news.ycombinator.com/item?id=37873807,Photographer showcases the power of iPhone 15 pro max,0.0,0.0,0.0,0.0,0.0,0.0,0.0
Hacker News,iphone 15,"In addition to the iPhone 15, Apple may add USB-C to iPhones from last year",38,https://news.ycombinator.com/item?id=37079332,"In addition to the iPhone 15, Apple may add USB-C to iPhones from last year",0.0,0.0,0.0,0.0,0.0,0.0,0.0
Hacker News,iphone 15,Optical or Digital: Minimum focusing distance on iPhone 15 Pro Max 5x camera,37,https://news.ycombinator.com/item?id=38081636,Optical or Digital: Minimum focusing distance on iPhone 15 Pro Max 5x camera,0.0,0.0,0.0,0.0,0.0,0.0,0.0
Hacker News,iphone 15,Apple addresses iPhone 15 overheating with a new iOS 17 update,34,https://news.ycombinator.com/item?id=37771333,Apple addresses iPhone 15 overheating with a new iOS 17 update,-2.0,0.0,0.0,0.0,0.0,0.0,-2.0
Hacker News,iphone 15,"AAA games are coming to iPhone 15 Pro, powered by the new A17 Pro chip",33,https://news.ycombinator.com/item?id=37486054,"AAA games are coming to iPhone 15 Pro, powered by the new A17 Pro chip",0.0,0.0,0.0,0.0,0.0,0.0,0.0
Hacker News,iphone 15,How The iPhone 15 Pro camera works and why you’ll want to shoot 24MP photos,32,https://news.ycombinator.com/item?id=37565515,How The iPhone 15 Pro camera works and why you’ll want to shoot 24MP photos,0.0,0.0,0.0,0.0,0.0,0.0,0.0
Hacker News,iphone 15,iPhone 15 Pro with X70 modem offers up to 24% faster 5G speeds,31,https://news.ycombinator.com/item?id=37529908,iPhone 15 Pro with X70 modem offers up to 24% faster 5G speeds,0.0,0.0,0.0,0.0,0.0,0.0,0.0
Hacker News,iphone 15,Apple will charge way less to fix cracked back glass on an iPhone 15 Pro,30,https://news.ycombinator.com/item?id=37641921,Apple will charge way less to fix cracked back glass on an iPhone 15 Pro,0.0,0.0,0.0,0.0,0.0,0.0,0.0
Hacker News,iphone 15,iPhone 15 on the big screen (via USB-C DisplayPort),25,https://news.ycombinator.com/item?id=37542918,iPhone 15 on the big screen (via USB-C DisplayPort),0.0,0.0,0.0,0.0,0.0,0.0,0.0
Hacker News,iphone 15,The iPhones 15 Pro (and iPhones 15),24,https://news.ycombinator.com/item?id=37581031,The iPhones 15 Pro (and iPhones 15),0.0,0.0,0.0,0.0,0.0,0.0,0.0
Hacker News,iphone 15,All iPhone 15 Models Support DisplayPort for Up to 4K HDR Video Output,21,https://news.ycombinator.com/item?id=37505543,All iPhone 15 Models Support DisplayPort for Up to 4K HDR Video Output,0.0,0.0,0.0,0.0,0.0,0.0,0.0
Hacker News,iphone 15,iPhone 15 Pro Max can degrade Thunderbolt peripherals (2023),20,https://news.ycombinator.com/item?id=41562713,iPhone 15 Pro Max can degrade Thunderbolt peripherals (2023),0.0,0.0,0.0,0.0,0.0,0.0,0.0
Hacker News,iphone 15,Apple's iPhone 15 and 15 Pro: Imaging tech examined,19,https://news.ycombinator.com/item?id=37547559,Apple's iPhone 15 and 15 Pro: Imaging tech examined,0.0,0.0,0.0,0.0,0.0,0.0,0.0
Hacker News,iphone 15,28 Years Later: Danny Boyle's New Zombie Flick Was Shot on an iPhone 15,17,https://news.ycombinator.com/item?id=41599852,28 Years Later: Danny Boyle's New Zombie Flick Was Shot on an iPhone 15,0.0,0.0,0.0,0.0,0.0,0.0,0.0
Hacker News,iphone 15,Apple Reportedly Planning to Limit iPhone 15's USB-C Port Same Way as Lightning,17,https://news.ycombinator.com/item?id=34740921,Apple Reportedly Planning to Limit iPhone 15's USB-C Port Same Way as Lightning,0.0,0.0,0.0,0.0,0.0,0.0,0.0
Hacker News,iphone 15,Apple Set to Launch iPhone 15 Series Come September 13th,16,https://news.ycombinator.com/item?id=37014525,Apple Set to Launch iPhone 15 Series Come September 13th,0.0,0.0,0.0,0.0,0.0,0.0,0.0
Hacker News,iphone 15,Apple's iPhone 15 Pro Max is a disaster:Screen burn-in latest of reported issues,16,https://news.ycombinator.com/item?id=37884352,Apple's iPhone 15 Pro Max is a disaster:Screen burn-in latest of reported issues,0.0,0.0,0.0,0.0,0.0,0.0,0.0
Hacker News,iphone 15,PC/console titles Assassins Creed and Resident Evil are coming to iPhone 15 Pro,16,https://news.ycombinator.com/item?id=37485385,PC/console titles Assassins Creed and Resident Evil are coming to iPhone 15 Pro,0.0,0.0,0.0,0.0,0.0,0.0,0.0
Hacker News,iphone 15,Apple Investors Already Hate the New iPhone 15,14,https://news.ycombinator.com/item?id=37500996,Apple Investors Already Hate the New iPhone 15,-3.0,0.0,0.0,0.0,0.0,0.0,-3.0
Hacker News,iphone 15,iPhone 15 Ultra camera upgrades could give photographers a serious dilemma,14,https://news.ycombinator.com/item?id=35686490,iPhone 15 Ultra camera upgrades could give photographers a serious dilemma,0.0,0.0,0.0,0.0,0.0,0.0,0.0
Hacker News,iphone 15,Getting JTAG on the iPhone 15 [video],14,https://news.ycombinator.com/item?id=37726181,Getting JTAG on the iPhone 15 [video],0.0,0.0,0.0,0.0,0.0,0.0,0.0
Hacker News,iphone 15,Apple says BMW wireless chargers are messing with iPhone 15s,13,https://news.ycombinator.com/item?id=38061802,Apple says BMW wireless chargers are messing with iPhone 15s,0.0,0.0,0.0,0.0,0.0,0.0,0.0
Hacker News,iphone 15,"Ask HN: iPhone 15 pro handset just damaged my hearing, what now?",13,https://news.ycombinator.com/item?id=46740264,"Ask HN: iPhone 15 pro handset just damaged my hearing, what now?",0.0,0.0,0.0,0.0,0.0,0.0,0.0
Hacker News,iphone 15,Apple announces iPhone 15 Pro with titanium case and USB-C,13,https://news.ycombinator.com/item?id=37484963,Apple announces iPhone 15 Pro with titanium case and USB-C,0.0,0.0,0.0,0.0,0.0,0.0,0.0
Hacker News,iphone 15,Apple retail staff told to recommend iPhone 15 USB-C charging accessories at POS,11,https://news.ycombinator.com/item?id=37454397,Apple retail staff told to recommend iPhone 15 USB-C charging accessories at POS,0.0,0.0,0.0,0.0,0.0,0.0,0.0
